Workbook

Sheet Spec12
A1: key | B1: pass_target | C1: fail_target
A2: S0 STARTUP_READONLY|StartupComplete | B2: S1 SNAPSHOT_LOCKED | C2: S5 FAIL_SAFE
A3: S1 SNAPSHOT_LOCKED|SnapshotLocked | B3: S2 STRUCTURAL_VERIFIED | C3: S5 FAIL_SAFE
A4: S2 STRUCTURAL_VERIFIED|StructuralChecksDone | B4: S3 ELIGIBLE_HEAD_SELECTED | C4: S5 FAIL_SAFE
A5: S3 ELIGIBLE_HEAD_SELECTED|EligibilityChecksDone | B5: S4 REHYDRATED_VALIDATED | C5: S5 FAIL_SAFE
A6: S3 ELIGIBLE_HEAD_SELECTED|ToolStateInvalid | B6: S6 TOOL_QUARANTINE | C6: S6 TOOL_QUARANTINE
A7: S5 FAIL_SAFE|WalReplayNeeded | B7: S7 RECOVERY_REPLAY | C7: S5 FAIL_SAFE
A8: S7 RECOVERY_REPLAY|RecoveryConverged | B8: S8 READMISSION_PENDING | C8: S5 FAIL_SAFE
A9: S8 READMISSION_PENDING|AuthorityRelease | B9: S0 STARTUP_READONLY | C9: S8 READMISSION_PENDING

Sheet Vocab
A1: states | B1: triggers | C1: verdicts
A2: S0 STARTUP_READONLY | B2: StartupComplete | C2: ALLOW
A3: S1 SNAPSHOT_LOCKED | B3: SnapshotLocked | C3: DENY
A4: S2 STRUCTURAL_VERIFIED | B4: StructuralChecksDone | C4: QUARANTINE
A5: S3 ELIGIBLE_HEAD_SELECTED | B5: EligibilityChecksDone | C5: ESCALATE
A6: S4 REHYDRATED_VALIDATED | B6: RollbackDetected | C6: READMISSION_PENDING
A7: S5 FAIL_SAFE | B7: ToolStateInvalid
A8: S6 TOOL_QUARANTINE | B8: WalReplayNeeded
A9: S7 RECOVERY_REPLAY | B9: RecoveryConverged
A10: S8 READMISSION_PENDING | B10: AuthorityRelease

Sheet Evidence
A1: field | B1: producer | C1: deny_frame | D1: deny_parse | E1: deny_chain | F1: deny_freshness | G1: recovery | H1: readmission
A2: validator_bundle_id | B2: EXECUTION_LAYER | C2: x | D2: x | E2: x | F2: x | G2: x | H2: x
A3: verified_head_digest | B3: V_CHAIN | C3: x | D3: x | E3: x | F3: x | G3: x | H3: x
A4: snapshot_id | B4: V_SNAPSHOT | C4: x | D4: x | E4: x | F4: x | G4: x | H4: x
A5: policy_id | B5: V_POLICY | C5: x | D5: x | E5: x | F5: x | G5: x | H5: x
A6: source_id | B6: V_FRESHNESS | C6: x | D6: x | E6: x | F6: x | G6: x | H6: x
A7: freshness_value | B7: V_FRESHNESS | C7: x | D7: x | E7: x | F7: x | G7: x | H7: x
A8: irr_digest | B8: V_IRR | C8: x | D8: x | E8: x | F8: x | G8: x | H8: x
A9: tool_activation_status | B9: TOOL_GATE | C9: x | D9: x | E9: x | F9: x | G9: x | H9: x
A10: suppression_status | B10: GATE_LOGIC | C10: x | D10: x | E10: x | F10: x | G10: x | H10: x
A11: failure_code | B11: GATE_LOGIC | C11: FRAME_INVALID | D11: PARSE_AMBIGUOUS | E11: CHAIN_BREAK | F11: FRESHNESS_DOWNGRADE
A12: failed_validator | B12: GATE_LOGIC | C12: V_FRAME | D12: V_PARSE | E12: V_CHAIN | F12: V_FRESHNESS
A13: recovery_phase | B13: V_WAL_PHASE | G13: REPLAY_IN_PROGRESS
A14: readmission_token_id | B14: READMISSION_AUTHORITY | H14: RT-0001

Sheet PT
A1: PT | B1: state | C1: trigger | D1: validator | E1: expected | F1: result | G1: status
A2: PT-001 | B2: S0 STARTUP_READONLY | C2: StartupComplete | D2: true | E2: S1 SNAPSHOT_LOCKED | F2: =IF(COUNTIF(Vocab!$A$2:$A$10,B2)=0,"ERROR",IF(COUNTIF(Vocab!$B$2:$B$10,C2)=0,"ERROR",IF(C2="RollbackDetected","S5 FAIL_SAFE",IF(B2="S6 TOOL_QUARANTINE","S6 TOOL_QUARANTINE",IFERROR(IF(D2="true",INDEX(Spec12!$B$2:$B$9,MATCH(B2&"|"&C2,Spec12!$A$2:$A$9,0)),INDEX(Spec12!$C$2:$C$9,MATCH(B2&"|"&C2,Spec12!$A$2:$A$9,0))),"ERROR"))))) -> S1 SNAPSHOT_LOCKED | G2: =IF(F2=E2,"PASS","FAIL") -> PASS
A3: PT-002 | B3: S2 STRUCTURAL_VERIFIED | C3: StructuralChecksDone | D3: true | E3: S3 ELIGIBLE_HEAD_SELECTED | F3: =IF(COUNTIF(Vocab!$A$2:$A$10,B3)=0,"ERROR",IF(COUNTIF(Vocab!$B$2:$B$10,C3)=0,"ERROR",IF(C3="RollbackDetected","S5 FAIL_SAFE",IF(B3="S6 TOOL_QUARANTINE","S6 TOOL_QUARANTINE",IFERROR(IF(D3="true",INDEX(Spec12!$B$2:$B$9,MATCH(B3&"|"&C3,Spec12!$A$2:$A$9,0)),INDEX(Spec12!$C$2:$C$9,MATCH(B3&"|"&C3,Spec12!$A$2:$A$9,0))),"ERROR"))))) -> S3 ELIGIBLE_HEAD_SELECTED | G3: =IF(F3=E3,"PASS","FAIL") -> PASS
A4: PT-003 | B4: S3 ELIGIBLE_HEAD_SELECTED | C4: EligibilityChecksDone | D4: true | E4: S4 REHYDRATED_VALIDATED | F4: =IF(COUNTIF(Vocab!$A$2:$A$10,B4)=0,"ERROR",IF(COUNTIF(Vocab!$B$2:$B$10,C4)=0,"ERROR",IF(C4="RollbackDetected","S5 FAIL_SAFE",IF(B4="S6 TOOL_QUARANTINE","S6 TOOL_QUARANTINE",IFERROR(IF(D4="true",INDEX(Spec12!$B$2:$B$9,MATCH(B4&"|"&C4,Spec12!$A$2:$A$9,0)),INDEX(Spec12!$C$2:$C$9,MATCH(B4&"|"&C4,Spec12!$A$2:$A$9,0))),"ERROR"))))) -> S4 REHYDRATED_VALIDATED | G4: =IF(F4=E4,"PASS","FAIL") -> PASS
A5: PT-004 | B5: S2 STRUCTURAL_VERIFIED | C5: StructuralChecksDone | D5: false | E5: S5 FAIL_SAFE | F5: =IF(COUNTIF(Vocab!$A$2:$A$10,B5)=0,"ERROR",IF(COUNTIF(Vocab!$B$2:$B$10,C5)=0,"ERROR",IF(C5="RollbackDetected","S5 FAIL_SAFE",IF(B5="S6 TOOL_QUARANTINE","S6 TOOL_QUARANTINE",IFERROR(IF(D5="true",INDEX(Spec12!$B$2:$B$9,MATCH(B5&"|"&C5,Spec12!$A$2:$A$9,0)),INDEX(Spec12!$C$2:$C$9,MATCH(B5&"|"&C5,Spec12!$A$2:$A$9,0))),"ERROR"))))) -> S5 FAIL_SAFE | G5: =IF(F5=E5,"PASS","FAIL") -> PASS
A6: PT-005 | B6: S2 STRUCTURAL_VERIFIED | C6: StructuralChecksDone | D6: false | E6: S5 FAIL_SAFE | F6: =IF(COUNTIF(Vocab!$A$2:$A$10,B6)=0,"ERROR",IF(COUNTIF(Vocab!$B$2:$B$10,C6)=0,"ERROR",IF(C6="RollbackDetected","S5 FAIL_SAFE",IF(B6="S6 TOOL_QUARANTINE","S6 TOOL_QUARANTINE",IFERROR(IF(D6="true",INDEX(Spec12!$B$2:$B$9,MATCH(B6&"|"&C6,Spec12!$A$2:$A$9,0)),INDEX(Spec12!$C$2:$C$9,MATCH(B6&"|"&C6,Spec12!$A$2:$A$9,0))),"ERROR"))))) -> S5 FAIL_SAFE | G6: =IF(F6=E6,"PASS","FAIL") -> PASS
A7: PT-006 | B7: S2 STRUCTURAL_VERIFIED | C7: StructuralChecksDone | D7: false | E7: S5 FAIL_SAFE | F7: =IF(COUNTIF(Vocab!$A$2:$A$10,B7)=0,"ERROR",IF(COUNTIF(Vocab!$B$2:$B$10,C7)=0,"ERROR",IF(C7="RollbackDetected","S5 FAIL_SAFE",IF(B7="S6 TOOL_QUARANTINE","S6 TOOL_QUARANTINE",IFERROR(IF(D7="true",INDEX(Spec12!$B$2:$B$9,MATCH(B7&"|"&C7,Spec12!$A$2:$A$9,0)),INDEX(Spec12!$C$2:$C$9,MATCH(B7&"|"&C7,Spec12!$A$2:$A$9,0))),"ERROR"))))) -> S5 FAIL_SAFE | G7: =IF(F7=E7,"PASS","FAIL") -> PASS
A8: PT-007 | B8: S2 STRUCTURAL_VERIFIED | C8: StructuralChecksDone | D8: false | E8: S5 FAIL_SAFE | F8: =IF(COUNTIF(Vocab!$A$2:$A$10,B8)=0,"ERROR",IF(COUNTIF(Vocab!$B$2:$B$10,C8)=0,"ERROR",IF(C8="RollbackDetected","S5 FAIL_SAFE",IF(B8="S6 TOOL_QUARANTINE","S6 TOOL_QUARANTINE",IFERROR(IF(D8="true",INDEX(Spec12!$B$2:$B$9,MATCH(B8&"|"&C8,Spec12!$A$2:$A$9,0)),INDEX(Spec12!$C$2:$C$9,MATCH(B8&"|"&C8,Spec12!$A$2:$A$9,0))),"ERROR"))))) -> S5 FAIL_SAFE | G8: =IF(F8=E8,"PASS","FAIL") -> PASS
A9: PT-008 | B9: S3 ELIGIBLE_HEAD_SELECTED | C9: EligibilityChecksDone | D9: false | E9: S5 FAIL_SAFE | F9: =IF(COUNTIF(Vocab!$A$2:$A$10,B9)=0,"ERROR",IF(COUNTIF(Vocab!$B$2:$B$10,C9)=0,"ERROR",IF(C9="RollbackDetected","S5 FAIL_SAFE",IF(B9="S6 TOOL_QUARANTINE","S6 TOOL_QUARANTINE",IFERROR(IF(D9="true",INDEX(Spec12!$B$2:$B$9,MATCH(B9&"|"&C9,Spec12!$A$2:$A$9,0)),INDEX(Spec12!$C$2:$C$9,MATCH(B9&"|"&C9,Spec12!$A$2:$A$9,0))),"ERROR"))))) -> S5 FAIL_SAFE | G9: =IF(F9=E9,"PASS","FAIL") -> PASS
A10: PT-009 | B10: S3 ELIGIBLE_HEAD_SELECTED | C10: EligibilityChecksDone | D10: false | E10: S5 FAIL_SAFE | F10: =IF(COUNTIF(Vocab!$A$2:$A$10,B10)=0,"ERROR",IF(COUNTIF(Vocab!$B$2:$B$10,C10)=0,"ERROR",IF(C10="RollbackDetected","S5 FAIL_SAFE",IF(B10="S6 TOOL_QUARANTINE","S6 TOOL_QUARANTINE",IFERROR(IF(D10="true",INDEX(Spec12!$B$2:$B$9,MATCH(B10&"|"&C10,Spec12!$A$2:$A$9,0)),INDEX(Spec12!$C$2:$C$9,MATCH(B10&"|"&C10,Spec12!$A$2:$A$9,0))),"ERROR"))))) -> S5 FAIL_SAFE | G10: =IF(F10=E10,"PASS","FAIL") -> PASS
A11: PT-010 | B11: S0 STARTUP_READONLY | C11: StartupComplete | D11: false | E11: S5 FAIL_SAFE | F11: =IF(COUNTIF(Vocab!$A$2:$A$10,B11)=0,"ERROR",IF(COUNTIF(Vocab!$B$2:$B$10,C11)=0,"ERROR",IF(C11="RollbackDetected","S5 FAIL_SAFE",IF(B11="S6 TOOL_QUARANTINE","S6 TOOL_QUARANTINE",IFERROR(IF(D11="true",INDEX(Spec12!$B$2:$B$9,MATCH(B11&"|"&C11,Spec12!$A$2:$A$9,0)),INDEX(Spec12!$C$2:$C$9,MATCH(B11&"|"&C11,Spec12!$A$2:$A$9,0))),"ERROR"))))) -> S5 FAIL_SAFE | G11: =IF(F11=E11,"PASS","FAIL") -> PASS
A12: PT-011 | B12: S3 ELIGIBLE_HEAD_SELECTED | C12: RollbackDetected | D12: true | E12: S5 FAIL_SAFE | F12: =IF(COUNTIF(Vocab!$A$2:$A$10,B12)=0,"ERROR",IF(COUNTIF(Vocab!$B$2:$B$10,C12)=0,"ERROR",IF(C12="RollbackDetected","S5 FAIL_SAFE",IF(B12="S6 TOOL_QUARANTINE","S6 TOOL_QUARANTINE",IFERROR(IF(D12="true",INDEX(Spec12!$B$2:$B$9,MATCH(B12&"|"&C12,Spec12!$A$2:$A$9,0)),INDEX(Spec12!$C$2:$C$9,MATCH(B12&"|"&C12,Spec12!$A$2:$A$9,0))),"ERROR"))))) -> S5 FAIL_SAFE | G12: =IF(F12=E12,"PASS","FAIL") -> PASS
A13: PT-012 | B13: S5 FAIL_SAFE | C13: WalReplayNeeded | D13: true | E13: S7 RECOVERY_REPLAY | F13: =IF(COUNTIF(Vocab!$A$2:$A$10,B13)=0,"ERROR",IF(COUNTIF(Vocab!$B$2:$B$10,C13)=0,"ERROR",IF(C13="RollbackDetected","S5 FAIL_SAFE",IF(B13="S6 TOOL_QUARANTINE","S6 TOOL_QUARANTINE",IFERROR(IF(D13="true",INDEX(Spec12!$B$2:$B$9,MATCH(B13&"|"&C13,Spec12!$A$2:$A$9,0)),INDEX(Spec12!$C$2:$C$9,MATCH(B13&"|"&C13,Spec12!$A$2:$A$9,0))),"ERROR"))))) -> S7 RECOVERY_REPLAY | G13: =IF(F13=E13,"PASS","FAIL") -> PASS
A14: PT-013 | B14: S3 ELIGIBLE_HEAD_SELECTED | C14: ToolStateInvalid | D14: true | E14: S6 TOOL_QUARANTINE | F14: =IF(COUNTIF(Vocab!$A$2:$A$10,B14)=0,"ERROR",IF(COUNTIF(Vocab!$B$2:$B$10,C14)=0,"ERROR",IF(C14="RollbackDetected","S5 FAIL_SAFE",IF(B14="S6 TOOL_QUARANTINE","S6 TOOL_QUARANTINE",IFERROR(IF(D14="true",INDEX(Spec12!$B$2:$B$9,MATCH(B14&"|"&C14,Spec12!$A$2:$A$9,0)),INDEX(Spec12!$C$2:$C$9,MATCH(B14&"|"&C14,Spec12!$A$2:$A$9,0))),"ERROR"))))) -> S6 TOOL_QUARANTINE | G14: =IF(F14=E14,"PASS","FAIL") -> PASS
A15: PT-014 | B15: S3 ELIGIBLE_HEAD_SELECTED | C15: ToolStateInvalid | D15: true | E15: S6 vs S4 split | F15: =IF(COUNTIF(Vocab!$A$2:$A$10,B15)=0,"ERROR",IF(COUNTIF(Vocab!$B$2:$B$10,C15)=0,"ERROR",IF(C15="RollbackDetected","S5 FAIL_SAFE",IF(B15="S6 TOOL_QUARANTINE","S6 TOOL_QUARANTINE",IFERROR(IF(D15="true",INDEX(Spec12!$B$2:$B$9,MATCH(B15&"|"&C15,Spec12!$A$2:$A$9,0)),INDEX(Spec12!$C$2:$C$9,MATCH(B15&"|"&C15,Spec12!$A$2:$A$9,0))),"ERROR"))))) -> S6 TOOL_QUARANTINE | G15: =IF(AND(F15="S6 TOOL_QUARANTINE",K15="S4 REHYDRATED_VALIDATED",F15<>K15),"PASS","FAIL") -> PASS | H15: S3 ELIGIBLE_HEAD_SELECTED | I15: EligibilityChecksDone | J15: true | K15: =IF(COUNTIF(Vocab!$A$2:$A$10,H15)=0,"ERROR",IF(COUNTIF(Vocab!$B$2:$B$10,I15)=0,"ERROR",IF(I15="RollbackDetected","S5 FAIL_SAFE",IF(H15="S6 TOOL_QUARANTINE","S6 TOOL_QUARANTINE",IFERROR(IF(J15="true",INDEX(Spec12!$B$2:$B$9,MATCH(H15&"|"&I15,Spec12!$A$2:$A$9,0)),INDEX(Spec12!$C$2:$C$9,MATCH(H15&"|"&I15,Spec12!$A$2:$A$9,0))),"ERROR"))))) -> S4 REHYDRATED_VALIDATED
A16: PT-015 | B16: S6 TOOL_QUARANTINE | C16: StartupComplete | D16: true | E16: S6 TOOL_QUARANTINE | F16: =IF(COUNTIF(Vocab!$A$2:$A$10,B16)=0,"ERROR",IF(COUNTIF(Vocab!$B$2:$B$10,C16)=0,"ERROR",IF(C16="RollbackDetected","S5 FAIL_SAFE",IF(B16="S6 TOOL_QUARANTINE","S6 TOOL_QUARANTINE",IFERROR(IF(D16="true",INDEX(Spec12!$B$2:$B$9,MATCH(B16&"|"&C16,Spec12!$A$2:$A$9,0)),INDEX(Spec12!$C$2:$C$9,MATCH(B16&"|"&C16,Spec12!$A$2:$A$9,0))),"ERROR"))))) -> S6 TOOL_QUARANTINE | G16: =IF(F16=E16,"PASS","FAIL") -> PASS
A17: PT-016 | G17: =IF(AND(INDEX(Evidence!$G$2:$G$14,MATCH("validator_bundle_id",Evidence!$A$2:$A$14,0))<>"",INDEX(Evidence!$G$2:$G$14,MATCH("snapshot_id",Evidence!$A$2:$A$14,0))<>""),"PASS","FAIL") -> PASS
A18: PT-017 | G18: =IF(AND(INDEX(Evidence!$E$2:$E$14,MATCH("validator_bundle_id",Evidence!$A$2:$A$14,0))<>"",INDEX(Evidence!$E$2:$E$14,MATCH("verified_head_digest",Evidence!$A$2:$A$14,0))<>"",INDEX(Evidence!$E$2:$E$14,MATCH("snapshot_id",Evidence!$A$2:$A$14,0))<>"",INDEX(Evidence!$E$2:$E$14,MATCH("policy_id",Evidence!$A$2:$A$14,0))<>"",INDEX(Evidence!$E$2:$E$14,MATCH("source_id",Evidence!$A$2:$A$14,0))<>"",INDEX(Evidence!$E$2:$E$14,MATCH("freshness_value",Evidence!$A$2:$A$14,0))<>"",INDEX(Evidence!$E$2:$E$14,MATCH("irr_digest",Evidence!$A$2:$A$14,0))<>"",INDEX(Evidence!$E$2:$E$14,MATCH("tool_activation_status",Evidence!$A$2:$A$14,0))<>""),"PASS","FAIL") -> PASS
A19: PT-018 | G19: =IF(AND(INDEX(Evidence!$C$2:$C$14,MATCH("failure_code",Evidence!$A$2:$A$14,0))<>"",INDEX(Evidence!$C$2:$C$14,MATCH("failed_validator",Evidence!$A$2:$A$14,0))<>"",INDEX(Evidence!$C$2:$C$14,MATCH("suppression_status",Evidence!$A$2:$A$14,0))<>""),"PASS","FAIL") -> PASS
A20: PT-019 | G20: =IF(INDEX(Evidence!$G$2:$G$14,MATCH("recovery_phase",Evidence!$A$2:$A$14,0))<>"","PASS","FAIL") -> PASS
A21: PT-020 | G21: =IF(INDEX(Evidence!$H$2:$H$14,MATCH("readmission_token_id",Evidence!$A$2:$A$14,0))<>"","PASS","FAIL") -> PASS
A22: PT-021 | G22: =IF(AND(INDEX(Evidence!$B$2:$B$14,MATCH("verified_head_digest",Evidence!$A$2:$A$14,0))="V_CHAIN",INDEX(Evidence!$B$2:$B$14,MATCH("snapshot_id",Evidence!$A$2:$A$14,0))="V_SNAPSHOT",INDEX(Evidence!$B$2:$B$14,MATCH("validator_bundle_id",Evidence!$A$2:$A$14,0))="EXECUTION_LAYER"),"PASS","FAIL") -> PASS
A23: PT-022 | G23: =IF(INDEX(Vocab!$C$2:$C$6,2)<>"S5 FAIL_SAFE","PASS","FAIL") -> PASS
A24: PT-023 | G24: =IF(AND(Vocab!C3<>Vocab!C4,Vocab!C4<>Vocab!C5,Vocab!C3<>Vocab!C5),"PASS","FAIL") -> PASS
A25: PT-024 | B25: S8 READMISSION_PENDING | C25: AuthorityRelease | D25: true | E25: in {S0,S1} | F25: =IF(COUNTIF(Vocab!$A$2:$A$10,B25)=0,"ERROR",IF(COUNTIF(Vocab!$B$2:$B$10,C25)=0,"ERROR",IF(C25="RollbackDetected","S5 FAIL_SAFE",IF(B25="S6 TOOL_QUARANTINE","S6 TOOL_QUARANTINE",IFERROR(IF(D25="true",INDEX(Spec12!$B$2:$B$9,MATCH(B25&"|"&C25,Spec12!$A$2:$A$9,0)),INDEX(Spec12!$C$2:$C$9,MATCH(B25&"|"&C25,Spec12!$A$2:$A$9,0))),"ERROR"))))) -> S0 STARTUP_READONLY | G25: =IF(OR(F25="S0 STARTUP_READONLY",F25="S1 SNAPSHOT_LOCKED"),"PASS","FAIL") -> PASS
A26: PT-025 | G26: =IF(AND(INDEX(Evidence!$F$2:$F$14,MATCH("freshness_value",Evidence!$A$2:$A$14,0))<>"",INDEX(Evidence!$F$2:$F$14,MATCH("policy_id",Evidence!$A$2:$A$14,0))<>"",INDEX(Evidence!$F$2:$F$14,MATCH("failed_validator",Evidence!$A$2:$A$14,0))="V_FRESHNESS"),"PASS","FAIL") -> PASS
A27: PT-026 | G27: =IF(AND(INDEX(Evidence!$G$2:$G$14,MATCH("recovery_phase",Evidence!$A$2:$A$14,0))<>"",INDEX(Evidence!$B$2:$B$14,MATCH("recovery_phase",Evidence!$A$2:$A$14,0))="V_WAL_PHASE"),"PASS","FAIL") -> PASS
A28: PT-027 | B28: S3 ELIGIBLE_HEAD_SELECTED | C28: ToolStateInvalid | D28: true | E28: S6 TOOL_QUARANTINE | F28: =IF(COUNTIF(Vocab!$A$2:$A$10,B28)=0,"ERROR",IF(COUNTIF(Vocab!$B$2:$B$10,C28)=0,"ERROR",IF(C28="RollbackDetected","S5 FAIL_SAFE",IF(B28="S6 TOOL_QUARANTINE","S6 TOOL_QUARANTINE",IFERROR(IF(D28="true",INDEX(Spec12!$B$2:$B$9,MATCH(B28&"|"&C28,Spec12!$A$2:$A$9,0)),INDEX(Spec12!$C$2:$C$9,MATCH(B28&"|"&C28,Spec12!$A$2:$A$9,0))),"ERROR"))))) -> S6 TOOL_QUARANTINE | G28: =IF(F28=E28,"PASS","FAIL") -> PASS
A29: PT-028 | E29: declarative V_COMPAT | G29: SKIP
A30: PT-029 | E30: declarative V_WRITER_LOCK | G30: SKIP
A32: TOTALS | E32: pass | F32: =COUNTIF($G$2:$G$30,"PASS") -> 27
E33: fail | F33: =COUNTIF($G$2:$G$30,"FAIL") -> 0
E34: skip | F34: =COUNTIF($G$2:$G$30,"SKIP") -> 2

Sheet Sweep
A1: state | B1: trigger | C1: validator | D1: result
A2: S0 STARTUP_READONLY | B2: StartupComplete | C2: true | D2: =IF(COUNTIF(Vocab!$A$2:$A$10,A2)=0,"ERROR",IF(COUNTIF(Vocab!$B$2:$B$10,B2)=0,"ERROR",IF(B2="RollbackDetected","S5 FAIL_SAFE",IF(A2="S6 TOOL_QUARANTINE","S6 TOOL_QUARANTINE",IFERROR(IF(C2="true",INDEX(Spec12!$B$2:$B$9,MATCH(A2&"|"&B2,Spec12!$A$2:$A$9,0)),INDEX(Spec12!$C$2:$C$9,MATCH(A2&"|"&B2,Spec12!$A$2:$A$9,0))),"ERROR"))))) -> S1 SNAPSHOT_LOCKED
A3: S0 STARTUP_READONLY | B3: StartupComplete | C3: false | D3: =IF(COUNTIF(Vocab!$A$2:$A$10,A3)=0,"ERROR",IF(COUNTIF(Vocab!$B$2:$B$10,B3)=0,"ERROR",IF(B3="RollbackDetected","S5 FAIL_SAFE",IF(A3="S6 TOOL_QUARANTINE","S6 TOOL_QUARANTINE",IFERROR(IF(C3="true",INDEX(Spec12!$B$2:$B$9,MATCH(A3&"|"&B3,Spec12!$A$2:$A$9,0)),INDEX(Spec12!$C$2:$C$9,MATCH(A3&"|"&B3,Spec12!$A$2:$A$9,0))),"ERROR"))))) -> S5 FAIL_SAFE
A4: S0 STARTUP_READONLY | B4: SnapshotLocked | C4: true | D4: =IF(COUNTIF(Vocab!$A$2:$A$10,A4)=0,"ERROR",IF(COUNTIF(Vocab!$B$2:$B$10,B4)=0,"ERROR",IF(B4="RollbackDetected","S5 FAIL_SAFE",IF(A4="S6 TOOL_QUARANTINE","S6 TOOL_QUARANTINE",IFERROR(IF(C4="true",INDEX(Spec12!$B$2:$B$9,MATCH(A4&"|"&B4,Spec12!$A$2:$A$9,0)),INDEX(Spec12!$C$2:$C$9,MATCH(A4&"|"&B4,Spec12!$A$2:$A$9,0))),"ERROR"))))) -> ERROR
A5: S0 STARTUP_READONLY | B5: SnapshotLocked | C5: false | D5: =IF(COUNTIF(Vocab!$A$2:$A$10,A5)=0,"ERROR",IF(COUNTIF(Vocab!$B$2:$B$10,B5)=0,"ERROR",IF(B5="RollbackDetected","S5 FAIL_SAFE",IF(A5="S6 TOOL_QUARANTINE","S6 TOOL_QUARANTINE",IFERROR(IF(C5="true",INDEX(Spec12!$B$2:$B$9,MATCH(A5&"|"&B5,Spec12!$A$2:$A$9,0)),INDEX(Spec12!$C$2:$C$9,MATCH(A5&"|"&B5,Spec12!$A$2:$A$9,0))),"ERROR"))))) -> ERROR
A6: S0 STARTUP_READONLY | B6: StructuralChecksDone | C6: true | D6: =IF(COUNTIF(Vocab!$A$2:$A$10,A6)=0,"ERROR",IF(COUNTIF(Vocab!$B$2:$B$10,B6)=0,"ERROR",IF(B6="RollbackDetected","S5 FAIL_SAFE",IF(A6="S6 TOOL_QUARANTINE","S6 TOOL_QUARANTINE",IFERROR(IF(C6="true",INDEX(Spec12!$B$2:$B$9,MATCH(A6&"|"&B6,Spec12!$A$2:$A$9,0)),INDEX(Spec12!$C$2:$C$9,MATCH(A6&"|"&B6,Spec12!$A$2:$A$9,0))),"ERROR"))))) -> ERROR
A7: S0 STARTUP_READONLY | B7: StructuralChecksDone | C7: false | D7: =IF(COUNTIF(Vocab!$A$2:$A$10,A7)=0,"ERROR",IF(COUNTIF(Vocab!$B$2:$B$10,B7)=0,"ERROR",IF(B7="RollbackDetected","S5 FAIL_SAFE",IF(A7="S6 TOOL_QUARANTINE","S6 TOOL_QUARANTINE",IFERROR(IF(C7="true",INDEX(Spec12!$B$2:$B$9,MATCH(A7&"|"&B7,Spec12!$A$2:$A$9,0)),INDEX(Spec12!$C$2:$C$9,MATCH(A7&"|"&B7,Spec12!$A$2:$A$9,0))),"ERROR"))))) -> ERROR
A8: S0 STARTUP_READONLY | B8: EligibilityChecksDone | C8: true | D8: =IF(COUNTIF(Vocab!$A$2:$A$10,A8)=0,"ERROR",IF(COUNTIF(Vocab!$B$2:$B$10,B8)=0,"ERROR",IF(B8="RollbackDetected","S5 FAIL_SAFE",IF(A8="S6 TOOL_QUARANTINE","S6 TOOL_QUARANTINE",IFERROR(IF(C8="true",INDEX(Spec12!$B$2:$B$9,MATCH(A8&"|"&B8,Spec12!$A$2:$A$9,0)),INDEX(Spec12!$C$2:$C$9,MATCH(A8&"|"&B8,Spec12!$A$2:$A$9,0))),"ERROR"))))) -> ERROR
A9: S0 STARTUP_READONLY | B9: EligibilityChecksDone | C9: false | D9: =IF(COUNTIF(Vocab!$A$2:$A$10,A9)=0,"ERROR",IF(COUNTIF(Vocab!$B$2:$B$10,B9)=0,"ERROR",IF(B9="RollbackDetected","S5 FAIL_SAFE",IF(A9="S6 TOOL_QUARANTINE","S6 TOOL_QUARANTINE",IFERROR(IF(C9="true",INDEX(Spec12!$B$2:$B$9,MATCH(A9&"|"&B9,Spec12!$A$2:$A$9,0)),INDEX(Spec12!$C$2:$C$9,MATCH(A9&"|"&B9,Spec12!$A$2:$A$9,0))),"ERROR"))))) -> ERROR
A10: S0 STARTUP_READONLY | B10: RollbackDetected | C10: true | D10: =IF(COUNTIF(Vocab!$A$2:$A$10,A10)=0,"ERROR",IF(COUNTIF(Vocab!$B$2:$B$10,B10)=0,"ERROR",IF(B10="RollbackDetected","S5 FAIL_SAFE",IF(A10="S6 TOOL_QUARANTINE","S6 TOOL_QUARANTINE",IFERROR(IF(C10="true",INDEX(Spec12!$B$2:$B$9,MATCH(A10&"|"&B10,Spec12!$A$2:$A$9,0)),INDEX(Spec12!$C$2:$C$9,MATCH(A10&"|"&B10,Spec12!$A$2:$A$9,0))),"ERROR"))))) -> S5 FAIL_SAFE
A11: S0 STARTUP_READONLY | B11: RollbackDetected | C11: false | D11: =IF(COUNTIF(Vocab!$A$2:$A$10,A11)=0,"ERROR",IF(COUNTIF(Vocab!$B$2:$B$10,B11)=0,"ERROR",IF(B11="RollbackDetected","S5 FAIL_SAFE",IF(A11="S6 TOOL_QUARANTINE","S6 TOOL_QUARANTINE",IFERROR(IF(C11="true",INDEX(Spec12!$B$2:$B$9,MATCH(A11&"|"&B11,Spec12!$A$2:$A$9,0)),INDEX(Spec12!$C$2:$C$9,MATCH(A11&"|"&B11,Spec12!$A$2:$A$9,0))),"ERROR"))))) -> S5 FAIL_SAFE
A12: S0 STARTUP_READONLY | B12: ToolStateInvalid | C12: true | D12: =IF(COUNTIF(Vocab!$A$2:$A$10,A12)=0,"ERROR",IF(COUNTIF(Vocab!$B$2:$B$10,B12)=0,"ERROR",IF(B12="RollbackDetected","S5 FAIL_SAFE",IF(A12="S6 TOOL_QUARANTINE","S6 TOOL_QUARANTINE",IFERROR(IF(C12="true",INDEX(Spec12!$B$2:$B$9,MATCH(A12&"|"&B12,Spec12!$A$2:$A$9,0)),INDEX(Spec12!$C$2:$C$9,MATCH(A12&"|"&B12,Spec12!$A$2:$A$9,0))),"ERROR"))))) -> ERROR
A13: S0 STARTUP_READONLY | B13: ToolStateInvalid | C13: false | D13: =IF(COUNTIF(Vocab!$A$2:$A$10,A13)=0,"ERROR",IF(COUNTIF(Vocab!$B$2:$B$10,B13)=0,"ERROR",IF(B13="RollbackDetected","S5 FAIL_SAFE",IF(A13="S6 TOOL_QUARANTINE","S6 TOOL_QUARANTINE",IFERROR(IF(C13="true",INDEX(Spec12!$B$2:$B$9,MATCH(A13&"|"&B13,Spec12!$A$2:$A$9,0)),INDEX(Spec12!$C$2:$C$9,MATCH(A13&"|"&B13,Spec12!$A$2:$A$9,0))),"ERROR"))))) -> ERROR
... A163: S8 READMISSION_PENDING | B163: AuthorityRelease | C163: false | D163: =IF(COUNTIF(Vocab!$A$2:$A$10,A163)=0,"ERROR",IF(COUNTIF(Vocab!$B$2:$B$10,B163)=0,"ERROR",IF(B163="RollbackDetected","S5 FAIL_SAFE",IF(A163="S6 TOOL_QUARANTINE","S6 TOOL_QUARANTINE",IFERROR(IF(C163="true",INDEX(Spec12!$B$2:$B$9,MATCH(A163&"|"&B163,Spec12!$A$2:$A$9,0)),INDEX(Spec12!$C$2:$C$9,MATCH(A163&"|"&B163,Spec12!$A$2:$A$9,0))),"ERROR"))))) -> S8 READMISSION_PENDING
A164: unknown token probes
A165: S99 BOGUS | B165: StartupComplete | C165: true | D165: =IF(COUNTIF(Vocab!$A$2:$A$10,A165)=0,"ERROR",IF(COUNTIF(Vocab!$B$2:$B$10,B165)=0,"ERROR",IF(B165="RollbackDetected","S5 FAIL_SAFE",IF(A165="S6 TOOL_QUARANTINE","S6 TOOL_QUARANTINE",IFERROR(IF(C165="true",INDEX(Spec12!$B$2:$B$9,MATCH(A165&"|"&B165,Spec12!$A$2:$A$9,0)),INDEX(Spec12!$C$2:$C$9,MATCH(A165&"|"&B165,Spec12!$A$2:$A$9,0))),"ERROR"))))) -> ERROR
A166: S0 STARTUP_READONLY | B166: MadeUpTrigger | C166: true | D166: =IF(COUNTIF(Vocab!$A$2:$A$10,A166)=0,"ERROR",IF(COUNTIF(Vocab!$B$2:$B$10,B166)=0,"ERROR",IF(B166="RollbackDetected","S5 FAIL_SAFE",IF(A166="S6 TOOL_QUARANTINE","S6 TOOL_QUARANTINE",IFERROR(IF(C166="true",INDEX(Spec12!$B$2:$B$9,MATCH(A166&"|"&B166,Spec12!$A$2:$A$9,0)),INDEX(Spec12!$C$2:$C$9,MATCH(A166&"|"&B166,Spec12!$A$2:$A$9,0))),"ERROR"))))) -> ERROR
A168: validator=false reaching S4: | D168: =SUMPRODUCT(($C$2:$C$163="false")*($D$2:$D$163="S4 REHYDRATED_VALIDATED")) -> 0
A169: rollback rows not S5: | D169: =SUMPRODUCT(($B$2:$B$163="RollbackDetected")*($D$2:$D$163<>"S5 FAIL_SAFE")) -> 0
A170: off-table progressions: | D170: =SUMPRODUCT(($D$2:$D$163<>"ERROR")*($D$2:$D$163<>$A$2:$A$163)*(ISNA(MATCH($A$2:$A$163&"|"&$B$2:$B$163,Spec12!$A$2:$A$9,0)))*($B$2:$B$163<>"RollbackDetected")) -> 0
